<?xml version="1.0" encoding="UTF-8" standalone="yes"?>
<addon id="repository.tekbec" name="tecbec's Repository" version="1.0.0" provider-name="tekbec">
    <extension point="xbmc.addon.repository" name="tecbec's Repository">
        <dir>
            <info compressed="false">https://raw.githubusercontent.com/tekbec/repository.tekbec/main/repo/zips/addons.xml</info>
            <checksum>https://raw.githubusercontent.com/tekbec/repository.tekbec/main/repo/zips/addons.xml.md5</checksum>
            <datadir zip="true">https://raw.githubusercontent.com/tekbec/repository.tekbec/main/repo/zips/</datadir>
        </dir>
    </extension>
    <extension point="xbmc.addon.metadata">
        <summary>tecbec's Repository</summary>
        <description>Quebec And Hockey Addons</description>
        <disclaimer></disclaimer>
        <platform>all</platform>
        <assets>
            <icon>icon.png</icon>
            <fanart>fanart.jpg</fanart>
        </assets>
    </extension>
</addon>